Date,Close
2017-01-03,5429.080078
2017-01-04,5477
2017-01-05,5487.939941
2017-01-06,5521.060059
2017-01-09,5531.819824
2017-01-10,5551.819824
2017-01-11,5563.649902
2017-01-12,5547.490234
2017-01-13,5574.120117
2017-01-17,5538.72998
2017-01-18,5555.649902
2017-01-19,5540.080078
2017-01-20,5555.330078
2017-01-23,5552.939941
2017-01-24,5600.959961
2017-01-25,5656.339844
2017-01-26,5655.180176
2017-01-27,5660.779785
2017-01-30,5613.709961
2017-01-31,5614.790039
2017-02-01,5642.649902
2017-02-02,5636.200195
2017-02-03,5666.77002
2017-02-06,5663.549805
2017-02-07,5674.220215
2017-02-08,5682.450195
2017-02-09,5715.180176
2017-02-10,5734.129883
2017-02-13,5763.959961
2017-02-14,5782.569824
2017-02-15,5819.439941
2017-02-16,5814.899902
2017-02-17,5838.580078
2017-02-21,5865.950195
2017-02-22,5860.629883
2017-02-23,5835.509766
2017-02-24,5845.310059
2017-02-27,5861.899902
2017-02-28,5825.439941
2017-03-01,5904.029785
2017-03-02,5861.220215
2017-03-03,5870.75
2017-03-06,5849.180176
2017-03-07,5833.930176
2017-03-08,5837.549805
2017-03-09,5838.810059
2017-03-10,5861.72998
2017-03-13,5875.779785
2017-03-14,5856.819824
2017-03-15,5900.049805
2017-03-16,5900.759766
2017-03-17,5901
2017-03-20,5901.529785
2017-03-21,5793.830078
2017-03-22,5821.640137
2017-03-23,5817.689941
2017-03-24,5828.740234
2017-03-27,5840.370117
2017-03-28,5875.140137
2017-03-29,5897.549805
2017-03-30,5914.339844
2017-03-31,5911.740234
2017-04-03,5894.680176
2017-04-04,5898.609863
2017-04-05,5864.47998
2017-04-06,5878.950195
2017-04-07,5877.810059
2017-04-10,5880.930176
2017-04-11,5866.77002
2017-04-12,5836.160156
2017-04-13,5805.149902
2017-04-17,5856.790039
2017-04-18,5849.470215
2017-04-19,5863.029785
2017-04-20,5916.779785
2017-04-21,5910.52002
2017-04-24,5983.819824
2017-04-25,6025.490234
2017-04-26,6025.22998
2017-04-27,6048.939941
2017-04-28,6047.609863
2017-05-01,6091.600098
2017-05-02,6095.370117
2017-05-03,6072.549805
2017-05-04,6075.339844
2017-05-05,6100.759766
2017-05-08,6102.660156
2017-05-09,6120.589844
2017-05-10,6129.140137
2017-05-11,6115.959961
2017-05-12,6121.22998
2017-05-15,6149.669922
2017-05-16,6169.870117
2017-05-17,6011.240234
2017-05-18,6055.129883
2017-05-19,6083.700195
2017-05-22,6133.620117
2017-05-23,6138.709961
2017-05-24,6163.02002
2017-05-25,6205.259766
2017-05-26,6210.189941
2017-05-30,6203.189941
2017-05-31,6198.52002
2017-06-01,6246.830078
2017-06-02,6305.799805
2017-06-05,6295.680176
2017-06-06,6275.060059
2017-06-07,6297.379883
2017-06-08,6321.759766
2017-06-09,6207.919922
2017-06-12,6175.459961
2017-06-13,6220.370117
2017-06-14,6194.890137
2017-06-15,6165.5
2017-06-16,6151.759766
2017-06-19,6239.009766
2017-06-20,6188.029785
2017-06-21,6233.950195
2017-06-22,6236.689941
2017-06-23,6265.25
2017-06-26,6247.149902
2017-06-27,6146.620117
2017-06-28,6234.410156
2017-06-29,6144.350098
2017-06-30,6140.419922
2017-07-03,6110.060059
2017-07-05,6150.859863
2017-07-06,6089.459961
2017-07-07,6153.080078
2017-07-10,6176.390137
2017-07-11,6193.299805
2017-07-12,6261.169922
2017-07-13,6274.439941
2017-07-14,6312.470215
2017-07-17,6314.430176
2017-07-18,6344.310059
2017-07-19,6385.040039
2017-07-20,6390
2017-07-21,6387.75
2017-07-24,6410.810059
2017-07-25,6412.169922
2017-07-26,6422.75
2017-07-27,6382.189941
2017-07-28,6374.680176
2017-07-31,6348.120117
2017-08-01,6362.939941
2017-08-02,6362.649902
2017-08-03,6340.339844
2017-08-04,6351.560059
2017-08-07,6383.77002
2017-08-08,6370.459961
2017-08-09,6352.330078
2017-08-10,6216.870117
2017-08-11,6256.560059
2017-08-14,6340.22998
2017-08-15,6333.009766
2017-08-16,6345.109863
2017-08-17,6221.910156
2017-08-18,6216.529785
2017-08-21,6213.129883
2017-08-22,6297.47998
2017-08-23,6278.410156
2017-08-24,6271.330078
2017-08-25,6265.640137
2017-08-28,6283.02002
2017-08-29,6301.890137
2017-08-30,6368.310059
2017-08-31,6428.660156
2017-09-01,6435.330078
2017-09-05,6375.569824
2017-09-06,6393.310059
2017-09-07,6397.870117
2017-09-08,6360.189941
2017-09-11,6432.259766
2017-09-12,6454.279785
2017-09-13,6460.189941
2017-09-14,6429.080078
2017-09-15,6448.470215
2017-09-18,6454.640137
2017-09-19,6461.319824
2017-09-20,6456.040039
2017-09-21,6422.689941
2017-09-22,6426.919922
2017-09-25,6370.589844
2017-09-26,6380.160156
2017-09-27,6453.259766
2017-09-28,6453.450195
2017-09-29,6495.959961
2017-10-02,6516.720215
2017-10-03,6531.709961
2017-10-04,6534.629883
2017-10-05,6585.359863
2017-10-06,6590.180176
2017-10-09,6579.72998
2017-10-10,6587.25
2017-10-11,6603.549805
2017-10-12,6591.509766
2017-10-13,6605.799805
2017-10-16,6624
2017-10-17,6623.660156
2017-10-18,6624.220215
2017-10-19,6605.069824
2017-10-20,6629.049805
2017-10-23,6586.830078
2017-10-24,6598.430176
2017-10-25,6563.890137
2017-10-26,6556.77002
2017-10-27,6701.259766
2017-10-30,6698.959961
2017-10-31,6727.669922
2017-11-01,6716.529785
2017-11-02,6714.939941
2017-11-03,6764.439941
2017-11-06,6786.439941
2017-11-07,6767.779785
2017-11-08,6789.120117
2017-11-09,6750.049805
2017-11-10,6750.939941
2017-11-13,6757.600098
2017-11-14,6737.870117
2017-11-15,6706.209961
2017-11-16,6793.290039
2017-11-17,6782.790039
2017-11-20,6790.709961
2017-11-21,6862.47998
2017-11-22,6867.359863
2017-11-24,6889.160156
2017-11-27,6878.52002
2017-11-28,6912.359863
2017-11-29,6824.390137
2017-11-30,6873.970215
2017-12-01,6847.589844
2017-12-04,6775.370117
2017-12-05,6762.209961
2017-12-06,6776.379883
2017-12-07,6812.839844
2017-12-08,6840.080078
2017-12-11,6875.080078
2017-12-12,6862.319824
2017-12-13,6875.799805
2017-12-14,6856.529785
2017-12-15,6936.580078
2017-12-18,6994.759766
2017-12-19,6963.850098
2017-12-20,6960.959961
2017-12-21,6965.359863
2017-12-22,6959.959961
2017-12-26,6936.25
2017-12-27,6939.339844
2017-12-28,6950.160156
2017-12-29,6903.390137
2018-01-02,7006.899902
2018-01-03,7065.529785
2018-01-04,7077.910156
2018-01-05,7136.560059
2018-01-08,7157.390137
2018-01-09,7163.580078
2018-01-10,7153.569824
2018-01-11,7211.779785
2018-01-12,7261.060059
2018-01-16,7223.689941
2018-01-17,7298.279785
2018-01-18,7296.049805
2018-01-19,7336.379883
2018-01-22,7408.029785
2018-01-23,7460.290039
2018-01-24,7415.060059
2018-01-25,7411.160156
2018-01-26,7505.77002
2018-01-29,7466.509766
2018-01-30,7402.47998
2018-01-31,7411.47998
2018-02-01,7385.859863
2018-02-02,7240.950195
2018-02-05,6967.529785
2018-02-06,7115.879883
2018-02-07,7051.97998
2018-02-08,6777.160156
2018-02-09,6874.490234
2018-02-12,6981.959961
2018-02-13,7013.509766
2018-02-14,7143.620117
2018-02-15,7256.430176
2018-02-16,7239.470215
2018-02-20,7234.310059
2018-02-21,7218.22998
2018-02-22,7210.089844
2018-02-23,7337.390137
2018-02-26,7421.459961
2018-02-27,7330.350098
2018-02-28,7273.009766
2018-03-01,7180.560059
2018-03-02,7257.870117
2018-03-05,7330.709961
2018-03-06,7372.009766
2018-03-07,7396.649902
2018-03-08,7427.950195
2018-03-09,7560.810059
2018-03-12,7588.319824
2018-03-13,7511.009766
2018-03-14,7496.810059
2018-03-15,7481.740234
2018-03-16,7481.990234
2018-03-19,7344.240234
2018-03-20,7364.299805
2018-03-21,7345.290039
2018-03-22,7166.680176
2018-03-23,6992.669922
2018-03-26,7220.540039
2018-03-27,7008.810059
2018-03-28,6949.22998
2018-03-29,7063.450195
2018-04-02,6870.120117
2018-04-03,6941.279785
2018-04-04,7042.109863
2018-04-05,7076.549805
2018-04-06,6915.109863
2018-04-09,6950.339844
2018-04-10,7094.299805
2018-04-11,7069.029785
2018-04-12,7140.25
2018-04-13,7106.649902
2018-04-16,7156.279785
2018-04-17,7281.100098
2018-04-18,7295.240234
2018-04-19,7238.060059
2018-04-20,7146.129883
2018-04-23,7128.600098
2018-04-24,7007.350098
2018-04-25,7003.740234
2018-04-26,7118.680176
2018-04-27,7119.799805
2018-04-30,7066.27002
2018-05-01,7130.700195
2018-05-02,7100.899902
2018-05-03,7088.149902
2018-05-04,7209.620117
2018-05-07,7265.209961
2018-05-08,7266.899902
2018-05-09,7339.910156
2018-05-10,7404.970215
2018-05-11,7402.879883
2018-05-14,7411.319824
2018-05-15,7351.629883
2018-05-16,7398.299805
2018-05-17,7382.470215
2018-05-18,7354.339844
2018-05-21,7394.040039
2018-05-22,7378.459961
2018-05-23,7425.959961
2018-05-24,7424.430176
2018-05-25,7433.850098
2018-05-29,7396.589844
2018-05-30,7462.450195
2018-05-31,7442.120117
2018-06-01,7554.330078
2018-06-04,7606.459961
2018-06-05,7637.859863
2018-06-06,7689.240234
2018-06-07,7635.069824
2018-06-08,7645.509766
2018-06-11,7659.930176
2018-06-12,7703.790039
2018-06-13,7695.700195
2018-06-14,7761.040039
2018-06-15,7746.379883
2018-06-18,7747.029785
2018-06-19,7725.589844
2018-06-20,7781.509766
2018-06-21,7712.950195
2018-06-22,7692.819824
2018-06-25,7532.009766
2018-06-26,7561.629883
2018-06-27,7445.080078
2018-06-28,7503.680176
2018-06-29,7510.299805
2018-07-02,7567.689941
2018-07-03,7502.669922
2018-07-05,7586.430176
2018-07-06,7688.390137
2018-07-09,7756.200195
2018-07-10,7759.200195
2018-07-11,7716.609863
2018-07-12,7823.919922
2018-07-13,7825.97998
2018-07-16,7805.720215
2018-07-17,7855.120117
2018-07-18,7854.439941
2018-07-19,7825.299805
2018-07-20,7820.200195
2018-07-23,7841.870117
2018-07-24,7840.77002
2018-07-25,7932.240234
2018-07-26,7852.180176
2018-07-27,7737.419922
2018-07-30,7630
2018-07-31,7671.790039
2018-08-01,7707.290039
2018-08-02,7802.689941
2018-08-03,7812.009766
2018-08-06,7859.680176
2018-08-07,7883.660156
2018-08-08,7888.330078
2018-08-09,7891.779785
2018-08-10,7839.109863
2018-08-13,7819.709961
2018-08-14,7870.890137
2018-08-15,7774.120117
2018-08-16,7806.52002
2018-08-17,7816.330078
2018-08-20,7821.009766
2018-08-21,7859.169922
2018-08-22,7889.100098
2018-08-23,7878.459961
2018-08-24,7945.97998
2018-08-27,8017.899902
2018-08-28,8030.040039
2018-08-29,8109.689941
2018-08-30,8088.359863
2018-08-31,8109.540039
2018-09-04,8091.25
2018-09-05,7995.169922
2018-09-06,7922.72998
2018-09-07,7902.540039
2018-09-10,7924.160156
2018-09-11,7972.470215
2018-09-12,7954.22998
2018-09-13,8013.709961
2018-09-14,8010.040039
2018-09-17,7895.790039
2018-09-18,7956.109863
2018-09-19,7950.040039
2018-09-20,8028.22998
2018-09-21,7986.959961
2018-09-24,7993.25
2018-09-25,8007.470215
2018-09-26,7990.370117
2018-09-27,8041.970215
2018-09-28,8046.350098
2018-10-01,8037.299805
2018-10-02,7999.549805
2018-10-03,8025.089844
2018-10-04,7879.509766
2018-10-05,7788.450195
2018-10-08,7735.950195
2018-10-09,7738.02002
2018-10-10,7422.049805
2018-10-11,7329.060059
2018-10-12,7496.890137
2018-10-15,7430.740234
2018-10-16,7645.490234
2018-10-17,7642.700195
2018-10-18,7485.140137
2018-10-19,7449.029785
2018-10-22,7468.629883
2018-10-23,7437.540039
2018-10-24,7108.399902
2018-10-25,7318.339844
2018-10-26,7167.209961
2018-10-29,7050.290039
2018-10-30,7161.649902
2018-10-31,7305.899902
2018-11-01,7434.060059
2018-11-02,7356.990234
2018-11-05,7328.850098
2018-11-06,7375.959961
2018-11-07,7570.75
2018-11-08,7530.879883
2018-11-09,7406.899902
2018-11-12,7200.870117
2018-11-13,7200.870117
2018-11-14,7136.390137
2018-11-15,7259.029785
2018-11-16,7247.870117
2018-11-19,7028.47998
2018-11-20,6908.819824
2018-11-21,6972.25
2018-11-23,6938.97998
2018-11-26,7081.850098
2018-11-27,7082.700195
2018-11-28,7291.589844
2018-11-29,7273.080078
2018-11-30,7330.540039
2018-12-03,7441.509766
2018-12-04,7158.430176
2018-12-06,7188.259766
2018-12-07,6969.25
2018-12-10,7020.52002
2018-12-11,7031.830078
2018-12-12,7098.310059
2018-12-13,7070.330078
2018-12-14,6910.660156
2018-12-17,6753.72998
2018-12-18,6783.910156
2018-12-19,6636.830078
2018-12-20,6528.410156
2018-12-21,6332.990234
2018-12-24,6192.919922
2018-12-26,6554.359863
2018-12-27,6579.490234
2018-12-28,6584.52002
2018-12-31,6635.279785
2019-01-02,6665.939941
2019-01-03,6463.5
2019-01-04,6738.859863
2019-01-07,6823.470215
2019-01-08,6897
2019-01-09,6957.080078
2019-01-10,6986.069824
2019-01-11,6971.47998
2019-01-14,6905.919922
2019-01-15,7023.830078
2019-01-16,7034.689941
2019-01-17,7084.459961
2019-01-18,7157.22998
2019-01-22,7020.359863
2019-01-23,7025.77002
2019-01-24,7073.459961
2019-01-25,7164.859863
2019-01-28,7085.680176
2019-01-29,7028.290039
2019-01-30,7183.080078
2019-01-31,7281.740234
2019-02-01,7263.870117
2019-02-04,7347.540039
2019-02-05,7402.080078
2019-02-06,7375.279785
2019-02-07,7288.350098
2019-02-08,7298.200195
2019-02-11,7307.899902
2019-02-12,7414.620117
2019-02-13,7420.379883
2019-02-14,7426.950195
2019-02-15,7472.410156
2019-02-19,7486.77002
2019-02-20,7489.069824
2019-02-21,7459.709961
2019-02-22,7527.540039
2019-02-25,7554.459961
2019-02-26,7549.299805
2019-02-27,7554.509766
2019-02-28,7532.529785
2019-03-01,7595.350098
2019-03-04,7577.569824
2019-03-05,7576.359863
2019-03-06,7505.919922
2019-03-07,7421.459961
2019-03-08,7408.140137
2019-03-11,7558.060059
2019-03-12,7591.029785
2019-03-13,7643.410156
2019-03-14,7630.910156
2019-03-15,7688.529785
2019-03-18,7714.47998
2019-03-19,7723.950195
2019-03-20,7728.970215
2019-03-21,7838.959961
2019-03-22,7642.669922
2019-03-25,7637.540039
2019-03-26,7691.52002
2019-03-27,7643.379883
2019-03-28,7669.169922
2019-03-29,7729.319824
2019-04-01,7828.910156
2019-04-02,7848.689941
2019-04-03,7895.549805
2019-04-04,7891.779785
2019-04-05,7938.689941
2019-04-08,7953.879883
2019-04-09,7909.279785
2019-04-10,7964.240234
2019-04-11,7947.359863
2019-04-12,7984.160156
2019-04-15,7976.009766
2019-04-16,8000.22998
2019-04-17,7996.080078
2019-04-18,7998.060059
2019-04-22,8015.27002
2019-04-23,8120.819824
2019-04-24,8102.009766
2019-04-25,8118.680176
2019-04-26,8146.399902
2019-04-29,8161.850098
2019-04-30,8095.390137
2019-05-01,8049.640137
2019-05-02,8036.77002
2019-05-03,8164
2019-05-06,8123.290039
2019-05-07,7963.759766
2019-05-08,7943.319824
2019-05-09,7910.589844
2019-05-10,7916.939941
2019-05-13,7647.02002
2019-05-14,7734.490234
2019-05-15,7822.149902
2019-05-16,7898.049805
2019-05-17,7816.279785
2019-05-20,7702.379883
2019-05-21,7785.720215
2019-05-22,7750.839844
2019-05-23,7628.279785
2019-05-24,7637.009766
2019-05-28,7607.350098
2019-05-29,7547.310059
2019-05-30,7567.720215
2019-05-31,7453.149902
2019-06-03,7333.02002
2019-06-04,7527.120117
2019-06-05,7575.47998
2019-06-06,7615.549805
2019-06-07,7742.100098
2019-06-10,7823.169922
2019-06-11,7822.569824
2019-06-12,7792.720215
2019-06-13,7837.129883
2019-06-14,7796.660156
2019-06-17,7845.02002
2019-06-18,7953.879883
2019-06-19,7987.319824
2019-06-20,8051.339844
2019-06-21,8031.709961
2019-06-24,8005.700195
2019-06-25,7884.720215
2019-06-26,7909.970215
2019-06-27,7967.759766
2019-06-28,8006.240234
2019-07-01,8091.160156
2019-07-02,8109.089844
2019-07-03,8170.22998
2019-07-05,8161.790039
2019-07-08,8098.379883
2019-07-09,8141.72998
2019-07-10,8202.530273
2019-07-11,8196.040039
2019-07-12,8244.139648
2019-07-15,8258.19043
2019-07-16,8222.799805
2019-07-17,8185.209961
2019-07-18,8207.240234
2019-07-19,8146.490234
2019-07-22,8204.139648
2019-07-23,8251.400391
2019-07-24,8321.5
2019-07-25,8238.540039
2019-07-26,8330.209961
2019-07-29,8293.330078
2019-07-30,8273.610352
2019-07-31,8175.419922
2019-08-01,8111.120117
2019-08-02,8004.069824
2019-08-05,7726.040039
2019-08-06,7833.27002
2019-08-07,7862.830078
2019-08-08,8039.160156
2019-08-09,7959.140137
2019-08-12,7863.410156
2019-08-13,8016.359863
2019-08-14,7773.939941
2019-08-15,7766.620117
2019-08-16,7895.990234
2019-08-19,8002.810059
2019-08-20,7948.560059
2019-08-21,8020.209961
2019-08-22,7991.390137
2019-08-23,7751.77002
2019-08-26,7853.740234
2019-08-27,7826.950195
2019-08-28,7856.879883
2019-08-29,7973.390137
2019-08-30,7962.879883
2019-09-03,7874.160156
2019-09-04,7976.879883
2019-09-05,8116.830078
2019-09-06,8103.069824
2019-09-09,8087.439941
2019-09-10,8084.160156
2019-09-11,8169.680176
2019-09-12,8194.469727
2019-09-13,8176.709961
2019-09-16,8153.540039
2019-09-17,8186.02002
2019-09-18,8177.390137
2019-09-19,8182.879883
2019-09-20,8117.669922
2019-09-23,8112.459961
2019-09-24,7993.629883
2019-09-25,8077.379883
2019-09-26,8030.660156
2019-09-27,7939.629883
2019-09-30,7999.339844
2019-10-01,7908.680176
2019-10-02,7785.25
2019-10-03,7872.259766
2019-10-04,7982.470215
2019-10-07,7956.290039
2019-10-08,7823.779785
2019-10-09,7903.740234
2019-10-10,7950.779785
2019-10-11,8057.040039
2019-10-14,8048.649902
2019-10-15,8148.709961
2019-10-16,8124.180176
2019-10-17,8156.850098
2019-10-18,8089.540039
2019-10-21,8162.990234
2019-10-22,8104.299805
2019-10-23,8119.790039
2019-10-24,8185.799805
2019-10-25,8243.120117
2019-10-28,8325.990234
2019-10-29,8276.849609
2019-10-30,8303.980469
2019-10-31,8292.360352
2019-11-01,8386.400391
2019-11-04,8433.200195
2019-11-05,8434.679688
2019-11-06,8410.629883
2019-11-07,8434.519531
2019-11-08,8475.30957
2019-11-11,8464.280273
2019-11-12,8486.089844
2019-11-13,8482.099609
2019-11-14,8479.019531
2019-11-15,8540.830078
2019-11-18,8549.94043
2019-11-19,8570.660156
2019-11-20,8526.730469
2019-11-21,8506.209961
2019-11-22,8519.879883
2019-11-25,8632.490234
2019-11-26,8647.929688
2019-11-27,8705.179688
2019-11-29,8665.469727
2019-12-02,8567.990234
2019-12-03,8520.639648
2019-12-04,8566.669922
2019-12-05,8570.700195
2019-12-06,8656.530273
2019-12-09,8621.830078
2019-12-10,8616.179688
2019-12-11,8654.049805
2019-12-12,8717.320313
2019-12-13,8734.879883
2019-12-16,8814.230469
2019-12-17,8823.360352
2019-12-18,8827.740234
2019-12-19,8887.219727
2019-12-20,8924.959961
2019-12-23,8945.650391
2019-12-24,8952.879883
2019-12-26,9022.389648
2019-12-27,9006.620117
2019-12-30,8945.990234
2019-12-31,8972.599609
2020-01-02,9092.19043
2020-01-03,9020.769531
2020-01-06,9071.469727
2020-01-07,9068.580078
2020-01-08,9129.240234
2020-01-09,9203.429688
2020-01-10,9178.860352
2020-01-13,9273.929688
2020-01-14,9251.330078
2020-01-15,9258.700195
2020-01-16,9357.129883
2020-01-17,9388.94043
2020-01-21,9370.80957
2020-01-22,9383.769531
2020-01-23,9402.480469
2020-01-24,9314.910156
2020-01-27,9139.30957
2020-01-28,9269.679688
2020-01-29,9275.160156
2020-01-30,9298.929688
2020-01-31,9150.94043
2020-02-03,9273.400391
2020-02-04,9467.969727
2020-02-05,9508.679688
2020-02-06,9572.150391
2020-02-07,9520.509766
2020-02-10,9628.389648
2020-02-11,9638.94043
2020-02-12,9725.959961
2020-02-13,9711.969727
2020-02-14,9731.179688
2020-02-18,9732.740234
2020-02-19,9817.179688
2020-02-20,9750.969727
2020-02-21,9576.589844
2020-02-24,9221.280273
2020-02-25,8965.610352
2020-02-26,8980.780273
2020-02-27,8566.480469
2020-02-28,8567.370117
2020-03-02,8952.169922
2020-03-03,8684.089844
2020-03-04,9018.089844
2020-03-05,8738.589844
2020-03-06,8575.620117
2020-03-09,7950.680176
2020-03-10,8344.25
2020-03-11,7952.049805
2020-03-12,7201.799805
2020-03-13,7874.879883
2020-03-16,6904.589844
2020-03-17,7334.779785
2020-03-18,6989.839844
2020-03-19,7150.580078
2020-03-20,6879.52002
2020-03-23,6860.669922
2020-03-24,7417.859863
2020-03-25,7384.299805
2020-03-26,7797.540039
2020-03-27,7502.379883
2020-03-30,7774.149902
2020-03-31,7700.100098
2020-04-01,7360.580078
2020-04-02,7487.310059
2020-04-03,7373.080078
2020-04-06,7913.240234
2020-04-07,7887.259766
2020-04-08,8090.899902
2020-04-09,8153.580078
2020-04-13,8192.419922
2020-04-14,8515.740234
2020-04-15,8393.179688
2020-04-16,8532.360352
2020-04-17,8650.139648
2020-04-20,8560.730469
2020-04-21,8263.230469
2020-04-22,8495.379883
2020-04-23,8494.75
2020-04-24,8634.519531
2020-04-27,8730.160156
2020-04-28,8607.730469
2020-04-29,8914.709961
2020-04-30,8889.549805
2020-05-01,8604.950195
2020-05-04,8710.709961
2020-05-05,8809.120117
2020-05-06,8854.389648
2020-05-07,8979.660156
2020-05-08,9121.320313
2020-05-11,9192.339844
2020-05-12,9002.549805
2020-05-13,8863.169922
2020-05-14,8943.719727
2020-05-15,9014.55957
2020-05-18,9234.830078
2020-05-19,9185.099609
2020-05-20,9375.780273
2020-05-21,9284.879883
2020-05-22,9324.589844
2020-05-26,9340.219727
2020-05-27,9412.360352
2020-05-28,9368.990234
2020-05-29,9489.870117
2020-06-01,9552.049805
2020-06-02,9608.379883
2020-06-03,9682.910156
2020-06-04,9615.80957
2020-06-05,9814.080078
2020-06-08,9924.75
2020-06-09,9953.75
2020-06-10,10020.34961
2020-06-11,9492.730469
2020-06-12,9588.80957
2020-06-15,9726.019531
2020-06-16,9895.870117
2020-06-17,9910.530273
2020-06-18,9943.049805
2020-06-19,9946.120117
2020-06-22,10056.48047
2020-06-23,10131.37012
2020-06-24,9909.169922
2020-06-25,10017
2020-06-26,9757.219727
2020-06-29,9874.150391
2020-06-30,10058.76953
2020-07-01,10154.62988
2020-07-02,10207.62988
2020-07-06,10433.65039
2020-07-07,10343.88965
2020-07-08,10492.5
2020-07-09,10547.75
2020-07-10,10617.44043
2020-07-13,10390.83984
2020-07-14,10488.58008
2020-07-15,10550.49023
2020-07-16,10473.83008
2020-07-17,10503.19043
2020-07-20,10767.08984
2020-07-21,10680.36035
2020-07-22,10706.12988
2020-07-23,10461.41992
2020-07-24,10363.17969
2020-07-27,10536.26953
2020-07-28,10402.08984
2020-07-29,10542.94043
2020-07-30,10587.80957
2020-07-31,10745.26953
2020-08-03,10902.79981
2020-08-04,10941.16992
2020-08-05,10998.40039
2020-08-06,11108.07031
2020-08-07,11010.98047
2020-08-10,10968.36035
2020-08-11,10782.82031
2020-08-12,11012.24023
2020-08-13,11042.5
2020-08-14,11019.29981
2020-08-17,11129.73047
2020-08-18,11210.83984
2020-08-19,11146.45996
2020-08-20,11264.9502
2020-08-21,11311.79981
2020-08-24,11379.71973
2020-08-25,11466.46973
2020-08-26,11665.05957
2020-08-27,11625.33984
2020-08-28,11695.62988
2020-08-31,11775.45996
2020-09-01,11939.66992
2020-09-02,12056.44043
2020-09-03,11458.09961
2020-09-04,11313.12988
2020-09-08,10847.69043
2020-09-09,11141.55957
2020-09-10,10919.58984
2020-09-11,10853.54981
2020-09-14,11056.65039
2020-09-15,11190.32031
2020-09-16,11050.46973
2020-09-17,10910.28027
2020-09-18,10793.28027
2020-09-21,10778.79981
2020-09-22,10963.63965
2020-09-23,10632.99023
2020-09-24,10672.26953
2020-09-25,10913.55957
2020-09-28,11117.53027
2020-09-29,11085.25
2020-09-30,11167.50977
2020-10-01,11326.50977
2020-10-02,11075.01953
2020-10-05,11332.49023
2020-10-06,11154.59961
2020-10-07,11364.59961
2020-10-08,11420.98047
2020-10-09,11579.94043
2020-10-12,11876.25977
2020-10-13,11863.90039
2020-10-14,11768.73047
2020-10-15,11713.87012
2020-10-16,11671.55957
2020-10-19,11478.87988
2020-10-20,11516.49023
2020-10-21,11484.69043
2020-10-22,11506.00977
2020-10-23,11548.28027
2020-10-26,11358.94043
2020-10-27,11431.34961
2020-10-28,11004.87012
2020-10-29,11185.58984
2020-10-30,10911.58984
2020-11-02,10957.61035
2020-11-03,11160.57031
2020-11-04,11590.78027
2020-11-05,11890.92969
2020-11-06,11895.23047
2020-11-09,11713.78027
2020-11-10,11553.86035
2020-11-11,11786.42969
2020-11-12,11709.58984
2020-11-13,11829.29004
2020-11-16,11924.12988
2020-11-17,11899.33984
2020-11-18,11801.59961
2020-11-19,11904.70996
2020-11-20,11854.96973
2020-11-23,11880.62988
2020-11-24,12036.79004
2020-11-25,12094.40039
2020-11-27,12205.84961
2020-11-30,12198.74023
2020-12-01,12355.11035
2020-12-02,12349.37012
2020-12-03,12377.17969
2020-12-04,12464.23047
2020-12-07,12519.9502
2020-12-08,12582.76953
2020-12-09,12338.9502
2020-12-10,12405.80957
2020-12-11,12377.87012
2020-12-14,12440.04004
2020-12-15,12595.05957
2020-12-16,12658.19043
2020-12-17,12764.75
2020-12-18,12755.63965
2020-12-21,12742.51953
2020-12-22,12807.91992
2020-12-23,12771.11035
2020-12-24,12804.73047
2020-12-28,12899.41992
2020-12-29,12850.21973
2020-12-30,12870
2020-12-31,12888.28027
2021-01-04,12698.4502
2021-01-05,12818.95996
2021-01-06,12740.79004
2021-01-07,13067.48047
2021-01-08,13201.98047
2021-01-11,13036.42969
2021-01-12,13072.42969
2021-01-13,13128.9502
2021-01-14,13112.63965
2021-01-15,12998.5
2021-01-19,13197.17969
2021-01-20,13457.25
2021-01-21,13530.91016
2021-01-22,13543.05957
2021-01-25,13635.99023
2021-01-26,13626.05957
2021-01-27,13270.59961
2021-01-28,13337.16016
2021-01-29,13070.69043
2021-02-01,13403.38965
2021-02-02,13612.78027
2021-02-03,13610.54004
2021-02-04,13777.74023
2021-02-05,13856.29981
2021-02-08,13987.63965
2021-02-09,14007.7002
2021-02-10,13972.53027
2021-02-11,14025.76953
2021-02-12,14095.46973
2021-02-16,14047.5
2021-02-17,13965.49023
2021-02-18,13865.36035
2021-02-19,13874.45996
2021-02-22,13533.04981
2021-02-23,13465.2002
2021-02-24,13597.96973
2021-02-25,13119.42969
2021-02-26,13192.34961
2021-03-01,13588.83008
2021-03-02,13358.79004
2021-03-03,12997.75
2021-03-04,12723.46973
2021-03-05,12920.15039
2021-03-08,12609.16016
2021-03-09,13073.82031
2021-03-10,13068.83008
2021-03-11,13398.66992
2021-03-12,13319.86035
2021-03-15,13459.70996
2021-03-16,13471.57031
2021-03-17,13525.2002
2021-03-18,13116.16992
2021-03-19,13215.24023
2021-03-22,13377.54004
2021-03-23,13227.7002
2021-03-24,12961.88965
2021-03-25,12977.67969
2021-03-26,13138.73047
2021-03-29,13059.65039
2021-03-30,13045.38965
2021-03-31,13246.87012
2021-04-01,13480.11035
2021-04-05,13705.58984
2021-04-06,13698.37988
2021-04-07,13688.83984
2021-04-08,13829.30957
2021-04-09,13900.19043
2021-04-12,13850
2021-04-13,13996.09961
2021-04-14,13857.83984
2021-04-15,14038.75977
2021-04-16,14052.33984
2021-04-19,13914.76953
2021-04-20,13786.26953
2021-04-21,13950.21973
2021-04-22,13818.41016
2021-04-23,14016.80957
2021-04-26,14138.78027
2021-04-27,14090.21973
2021-04-28,14051.03027
2021-04-29,14082.54981
2021-04-30,13962.67969
2021-05-03,13895.12012
2021-05-04,13633.5
2021-05-05,13582.41992
2021-05-06,13632.83984
2021-05-07,13752.24023
2021-05-10,13401.86035
2021-05-11,13389.42969
2021-05-12,13031.67969
2021-05-13,13124.99023
2021-05-14,13429.98047
2021-05-17,13379.04981
2021-05-18,13303.63965
2021-05-19,13299.74023
2021-05-20,13535.74023
2021-05-21,13470.99023
2021-05-24,13661.16992
2021-05-25,13657.16992
2021-05-26,13738
2021-05-27,13736.28027
2021-05-28,13748.74023
2021-06-01,13736.48047
2021-06-02,13756.33008
2021-06-03,13614.50977
2021-06-04,13814.49023
2021-06-07,13881.71973
2021-06-08,13924.91016
2021-06-09,13911.75
2021-06-10,14020.33008
2021-06-11,14069.41992
2021-06-14,14174.13965
2021-06-15,14072.86035
2021-06-16,14039.67969
2021-06-17,14161.34961
2021-06-18,14030.37988
2021-06-21,14141.48047
2021-06-22,14253.26953
2021-06-23,14271.73047
2021-06-24,14369.70996
2021-06-25,14360.38965
2021-06-28,14500.50977
2021-06-29,14528.33008
2021-06-30,14503.9502
2021-07-01,14522.37988
2021-07-02,14639.33008
2021-07-06,14663.63965
2021-07-07,14665.05957
2021-07-08,14559.78027
2021-07-09,14701.91992
2021-07-12,14733.24023
2021-07-13,14677.65039
2021-07-14,14644.9502
2021-07-15,14543.12988
2021-07-16,14427.24023
2021-07-19,14274.98047
2021-07-20,14498.87988
2021-07-21,14631.9502
2021-07-22,14684.59961
2021-07-23,14836.99023
2021-07-26,14840.70996
2021-07-27,14660.58008
2021-07-28,14762.58008
2021-07-29,14778.25977
2021-07-30,14672.67969
2021-08-02,14681.07031
2021-08-03,14761.29004
2021-08-04,14780.53027
2021-08-05,14895.12012
2021-08-06,14835.75977
2021-08-09,14860.17969
2021-08-10,14788.08984
2021-08-11,14765.13965
2021-08-12,14816.25977
2021-08-13,14822.90039
2021-08-16,14793.75977
2021-08-17,14656.17969
2021-08-18,14525.91016
2021-08-19,14541.79004
2021-08-20,14714.66016
2021-08-23,14942.65039
2021-08-24,15019.79981
2021-08-25,15041.86035
2021-08-26,14945.80957
2021-08-27,15129.5
2021-08-30,15265.88965
2021-08-31,15259.24023
2021-09-01,15309.37988
2021-09-02,15331.17969
2021-09-03,15363.51953
2021-09-07,15374.33008
2021-09-08,15286.63965
2021-09-09,15248.25
2021-09-10,15115.49023
2021-09-13,15105.58008
2021-09-14,15037.75977
2021-09-15,15161.53027
2021-09-16,15181.91992
2021-09-17,15043.96973
2021-09-20,14713.90039
2021-09-21,14746.40039
2021-09-22,14896.84961
2021-09-23,15052.24023
2021-09-24,15047.7002
2021-09-27,14969.96973
2021-09-28,14546.67969
2021-09-29,14512.44043
2021-09-30,14448.58008
2021-10-01,14566.7002
2021-10-04,14255.48047
2021-10-05,14433.83008
2021-10-06,14501.91016
2021-10-07,14654.01953
2021-10-08,14579.54004
2021-10-11,14486.2002
2021-10-12,14465.91992
2021-10-13,14571.63965
2021-10-14,14823.42969
2021-10-15,14897.33984
2021-10-18,15021.80957
2021-10-19,15129.08984
2021-10-20,15121.67969
2021-10-21,15215.7002
2021-10-22,15090.2002
2021-10-25,15226.70996
2021-10-26,15235.70996
2021-10-27,15235.83984
2021-10-28,15448.12012
2021-10-29,15498.38965
2021-11-01,15595.91992
2021-11-02,15649.59961
2021-11-03,15811.58008
2021-11-04,15940.30957
2021-11-05,15971.58984
2021-11-08,15982.36035
2021-11-09,15886.54004
2021-11-10,15622.70996
2021-11-11,15704.28027
2021-11-12,15860.95996
2021-11-15,15853.84961
2021-11-16,15973.86035
2021-11-17,15921.57031
2021-11-18,15993.70996
2021-11-19,16057.44043
2021-11-22,15854.75977
2021-11-23,15775.13965
2021-11-24,15845.23047
2021-11-26,15491.66016
2021-11-29,15782.83008
2021-11-30,15537.69043
2021-12-01,15254.04981
2021-12-02,15381.32031
2021-12-03,15085.46973
2021-12-06,15225.15039
2021-12-07,15686.91992
2021-12-08,15786.99023
2021-12-09,15517.37012
2021-12-10,15630.59961
2021-12-13,15413.28027
2021-12-14,15237.63965
2021-12-15,15565.58008
2021-12-16,15180.42969
2021-12-17,15169.67969
2021-12-20,14980.94043
2021-12-21,15341.08984
2021-12-22,15521.88965
2021-12-23,15653.37012
2021-12-27,15871.25977
2021-12-28,15781.71973
2021-12-29,15766.21973
2021-12-30,15741.55957
2021-12-31,15644.96973
2022-01-03,15832.79981
2022-01-04,15622.71973
2022-01-05,15100.16992
2022-01-06,15080.86035
2022-01-07,14935.90039
2022-01-10,14942.83008
2022-01-11,15153.4502
2022-01-12,15188.38965
2022-01-13,14806.80957
2022-01-14,14893.75
2022-01-18,14506.90039
2022-01-19,14340.25977
2022-01-20,14154.01953
2022-01-21,13768.91992
2022-01-24,13855.12988
2022-01-25,13539.29004
2022-01-26,13542.12012
2022-01-27,13352.78027
2022-01-28,13770.57031
2022-01-31,14239.87988
2022-02-01,14346
2022-02-02,14417.54981
2022-02-03,13878.82031
2022-02-04,14098.00977
2022-02-07,14015.66992
2022-02-08,14194.4502
2022-02-09,14490.37012
2022-02-10,14185.63965
2022-02-11,13791.15039
2022-02-14,13790.91992
2022-02-15,14139.75977
2022-02-16,14124.08984
2022-02-17,13716.71973
2022-02-18,13548.07031
2022-02-22,13381.51953
2022-02-23,13037.49023
2022-02-24,13473.58984
2022-02-25,13694.62012
2022-02-28,13751.40039
2022-03-01,13532.45996
2022-03-02,13752.01953
2022-03-03,13537.94043
2022-03-04,13313.44043
2022-03-07,12830.95996
2022-03-08,12795.54981
2022-03-09,13255.54981
2022-03-10,13129.95996
2022-03-11,12843.80957
2022-03-14,12581.21973
2022-03-15,12948.62012
2022-03-16,13436.54981
2022-03-17,13614.78027
2022-03-18,13893.83984
2022-03-21,13838.45996
2022-03-22,14108.82031
2022-03-23,13922.59961
2022-03-24,14191.83984
2022-03-25,14169.29981
2022-03-28,14354.90039
2022-03-29,14619.63965
2022-03-30,14442.26953
2022-03-31,14220.51953
2022-04-01,14261.5
2022-04-04,14532.54981
2022-04-05,14204.16992
2022-04-06,13888.82031
2022-04-07,13897.29981
2022-04-08,13711
2022-04-11,13411.95996
2022-04-12,13371.57031
2022-04-13,13643.58984
2022-04-14,13351.08008
2022-04-18,13332.36035
2022-04-19,13619.66016
2022-04-20,13453.07031
2022-04-21,13174.65039
2022-04-22,12839.29004
2022-04-25,13004.84961
2022-04-26,12490.74023
2022-04-27,12488.92969
2022-04-28,12871.53027
2022-04-29,12334.63965
2022-05-02,12536.01953
2022-05-03,12563.75977
2022-05-04,12964.86035
2022-05-05,12317.69043
2022-05-06,12144.66016
2022-05-09,11623.25
2022-05-10,11737.66992
2022-05-11,11364.24023
2022-05-12,11370.95996
2022-05-13,11805
2022-05-16,11662.79004
2022-05-17,11984.51953
2022-05-18,11418.15039
2022-05-19,11388.5
2022-05-20,11354.62012
2022-05-23,11535.26953
2022-05-24,11264.4502
2022-05-25,11434.74023
2022-05-26,11740.65039
2022-05-27,12131.12988
2022-05-31,12081.38965
2022-06-01,11994.45996
2022-06-02,12316.90039
2022-06-03,12012.73047
2022-06-06,12061.37012
2022-06-07,12175.23047
2022-06-08,12086.26953
2022-06-09,11754.23047
2022-06-10,11340.01953
2022-06-13,10809.23047
2022-06-14,10828.34961
2022-06-15,11099.15039
2022-06-16,10646.09961
2022-06-17,10798.34961
2022-06-21,11069.29981
2022-06-22,11053.08008
2022-06-23,11232.19043
2022-06-24,11607.62012
2022-06-27,11524.54981
2022-06-28,11181.54004
2022-06-29,11177.88965
